category,asked,present,spans,rate,burst,median_span_chars,mean_rel_pos,group,answer_format,in_test,scoreable
Document Name,510,510,521,100.0,1.022,25.0,0.078,-,Contract Name,102,yes
Parties,510,509,2554,99.804,5.018,17.0,0.091,-,Entity or individual names,102,yes
Agreement Date,510,470,476,92.157,1.013,16.0,0.109,1,Date (mm/dd/yyyy),93,yes
Governing Law,510,437,464,85.686,1.062,178.5,0.78,-,"Name of a US State / non-US Province, Country",83,yes
Expiration Date,510,413,467,80.98,1.131,195.0,0.414,1,Date (mm/dd/yyyy) / Perpetual,78,yes
Effective Date,510,390,447,76.471,1.146,20.0,0.165,1,Date (mm/dd/yyyy),70,yes
Anti-Assignment,510,374,654,73.333,1.749,218.5,0.713,3,Yes/No,72,yes
Cap On Liability,510,275,672,53.922,2.444,306.0,0.621,6,Yes/No,44,yes
License Grant,510,255,777,50.0,3.047,356.0,0.33,4,Yes/No,50,yes
Audit Rights,510,214,643,41.961,3.005,253.0,0.475,5,Yes/No,38,yes
Termination For Convenience,510,183,246,35.882,1.344,163.0,0.55,-,Yes/No,29,yes
Post-Termination Services,510,182,450,35.686,2.473,368.0,0.595,5,Yes/No,29,yes
Exclusivity,510,180,410,35.294,2.278,300.0,0.267,2,Yes/No,33,yes
Renewal Term,510,176,210,34.51,1.193,270.5,0.403,1,[Successive] number of years/months / Perpetual,26,yes
Insurance,510,166,560,32.549,3.373,244.5,0.568,-,Yes/No,32,yes
Revenue/Profit Sharing,510,166,418,32.549,2.518,267.5,0.412,-,Yes/No,35,yes
Minimum Commitment,510,165,424,32.353,2.57,275.0,0.42,-,Yes/No,32,yes
Non-Transferable License,510,138,298,27.059,2.159,351.0,0.314,4,Yes/No,22,yes
Ip Ownership Assignment,510,124,318,24.314,2.565,337.0,0.481,-,Yes/No,23,yes
Change Of Control,510,121,253,23.725,2.091,304.0,0.603,3,Yes/No,26,yes
Non-Compete,510,119,259,23.333,2.176,309.0,0.442,2,Yes/No,23,yes
Uncapped Liability,510,111,167,21.765,1.505,423.0,0.663,6,Yes/No,13,yes
Notice Period To Terminate Renewal,510,111,122,21.765,1.099,298.0,0.428,1,Number of days/months/year(s),16,yes
Covenant Not To Sue,510,100,173,19.608,1.73,335.0,0.481,-,Yes/No,24,yes
Rofr/Rofo/Rofn,510,85,367,16.667,4.318,328.0,0.477,-,Yes/No,17,yes
Volume Restriction,510,82,171,16.078,2.085,233.0,0.359,-,Yes/No,17,yes
Competitive Restriction Exception,510,76,125,14.902,1.645,366.0,0.325,2,Yes/No,16,yes
Warranty Duration,510,75,176,14.706,2.347,261.5,0.505,-,Number of months or years,10,yes
Irrevocable Or Perpetual License,510,70,165,13.725,2.357,489.0,0.401,4,Yes/No,13,yes
Liquidated Damages,510,61,121,11.961,1.984,289.0,0.513,-,Yes/No,14,yes
Affiliate License-Licensee,510,59,115,11.569,1.949,484.0,0.342,4,Answer Format:,12,yes
No-Solicit Of Employees,510,59,91,11.569,1.542,350.0,0.636,-,Yes/No,10,yes
Joint Ip Ownership,510,46,115,9.02,2.5,299.0,0.504,-,Yes/No,7,yes
Non-Disparagement,510,38,65,7.451,1.711,226.0,0.531,-,Yes/No,7,yes
No-Solicit Of Customers,510,34,58,6.667,1.706,258.5,0.464,2,Yes/No,7,yes
Third Party Beneficiary,510,32,39,6.275,1.219,205.0,0.719,-,Yes/No,6,yes
Most Favored Nation,510,28,38,5.49,1.357,379.0,0.336,-,Yes/No,3,barely
Affiliate License-Licensor,510,23,69,4.51,3.0,491.0,0.304,4,Yes/No,6,yes
Unlimited/All-You-Can-Eat-License,510,17,32,3.333,1.882,342.0,0.341,4,Yes/No,3,barely
Price Restrictions,510,15,27,2.941,1.8,282.0,0.407,-,Yes/No,0,no
Source Code Escrow,510,13,66,2.549,5.077,252.0,0.591,-,Yes/No,1,barely
